{"cameraMode":{"drawMode":0,"name":"Shaded","section":"Shading Mode"},"sceneLighting":false,"audioPlay":false,"sceneViewState":{"showFog":true,"showMaterialUpdate":true,"showSkybox":true,"showFlares":true,"showImageEffects":true,"showParticleSystems":true},"in2DMode":false,"pivot":{"x":-0.4099998474121094,"y":22.59000015258789,"z":0.2142871618270874},"rotation":{"x":-0.15096710622310639,"y":0.23366840183734895,"z":-0.03672926127910614,"w":-0.9598440527915955},"size":50.83393478393555,"orthographic":false}