{"cameraMode":{"drawMode":0,"name":"Shaded","section":"Shading Mode"},"sceneLighting":false,"audioPlay":false,"sceneViewState":{"showFog":true,"showMaterialUpdate":true,"showSkybox":false,"showFlares":true,"showImageEffects":true,"showParticleSystems":true},"in2DMode":false,"pivot":{"x":-0.1099996566772461,"y":22.585506439208986,"z":0.29428648948669436},"rotation":{"x":-0.04031577706336975,"y":0.7089298963546753,"z":-0.040689416229724887,"w":-0.702998161315918},"size":103.21984100341797,"orthographic":false}