{"cameraMode":{"drawMode":0,"name":"Shaded","section":"Shading Mode"},"sceneLighting":true,"audioPlay":false,"sceneViewState":{"showFog":true,"showMaterialUpdate":true,"showSkybox":true,"showFlares":true,"showImageEffects":true,"showParticleSystems":true},"in2DMode":false,"pivot":{"x":17.717267990112306,"y":26.121395111083986,"z":33.24797058105469},"rotation":{"x":-0.029966896399855615,"y":0.043762896209955218,"z":-0.0013095494359731675,"w":-0.9986006021499634},"size":1661.7144775390625,"orthographic":false}