{"cameraMode":{"drawMode":0,"name":"Shaded","section":"Shading Mode"},"sceneLighting":false,"audioPlay":false,"sceneViewState":{"showFog":true,"showMaterialUpdate":true,"showSkybox":false,"showFlares":true,"showImageEffects":true,"showParticleSystems":true},"in2DMode":false,"pivot":{"x":-0.4099998474121094,"y":22.59000015258789,"z":0.2142871618270874},"rotation":{"x":-0.005581130273640156,"y":-0.9939814209938049,"z":0.09151366353034973,"w":-0.0606035478413105},"size":50.83393478393555,"orthographic":false}