{"cameraMode":{"drawMode":0,"name":"Shaded","section":"Shading Mode"},"sceneLighting":false,"audioPlay":false,"sceneViewState":{"showFog":true,"showMaterialUpdate":true,"showSkybox":false,"showFlares":true,"showImageEffects":true,"showParticleSystems":true},"in2DMode":false,"pivot":{"x":-0.13216686248779298,"y":1.399999976158142,"z":0.0},"rotation":{"x":-0.2391716092824936,"y":-0.6296142935752869,"z":0.21272645890712739,"w":-0.7079550623893738},"size":15.556123733520508,"orthographic":false}