{"cameraMode":{"drawMode":0,"name":"Shaded","section":"Shading Mode"},"sceneLighting":true,"audioPlay":false,"sceneViewState":{"showFog":true,"showMaterialUpdate":true,"showSkybox":true,"showFlares":true,"showImageEffects":true,"showParticleSystems":true},"in2DMode":false,"pivot":{"x":-0.4099998474121094,"y":15.09000015258789,"z":0.2142871618270874},"rotation":{"x":-0.014984752982854844,"y":0.04677450656890869,"z":-0.0006707970169372857,"w":-0.9988186955451965},"size":75.50492095947266,"orthographic":false}