{"cameraMode":{"drawMode":0,"name":"Shaded","section":"Shading Mode"},"sceneLighting":false,"audioPlay":false,"sceneViewState":{"showFog":true,"showMaterialUpdate":true,"showSkybox":false,"showFlares":true,"showImageEffects":true,"showParticleSystems":true},"in2DMode":false,"pivot":{"x":-0.4100003242492676,"y":22.585506439208986,"z":-0.8757128715515137},"rotation":{"x":-0.005581130273640156,"y":-0.9939814209938049,"z":0.09151366353034973,"w":-0.0606035478413105},"size":34.74974060058594,"orthographic":false}