{"cameraMode":{"drawMode":0,"name":"Shaded","section":"Shading Mode"},"sceneLighting":false,"audioPlay":false,"sceneViewState":{"showFog":true,"showMaterialUpdate":true,"showSkybox":true,"showFlares":true,"showImageEffects":true,"showParticleSystems":true},"in2DMode":false,"pivot":{"x":-15.300000190734864,"y":24.5,"z":1.0899999141693116},"rotation":{"x":0.2612116038799286,"y":0.01756351627409458,"z":-0.005188249051570892,"w":0.9651905298233032},"size":49.851043701171878,"orthographic":false}