{"cameraMode":{"drawMode":0,"name":"Shaded","section":"Shading Mode"},"sceneLighting":false,"audioPlay":false,"sceneViewState":{"showFog":true,"showMaterialUpdate":true,"showSkybox":true,"showFlares":true,"showImageEffects":true,"showParticleSystems":true},"in2DMode":false,"pivot":{"x":2.2577896118164064,"y":14.402185440063477,"z":-0.1482090950012207},"rotation":{"x":-0.014984752982854844,"y":0.04677450656890869,"z":-0.0006707970169372857,"w":-0.9988186955451965},"size":128.40084838867188,"orthographic":false}