{"cameraMode":{"drawMode":0,"name":"Shaded","section":"Shading Mode"},"sceneLighting":false,"audioPlay":false,"sceneViewState":{"showFog":true,"showMaterialUpdate":true,"showSkybox":false,"showFlares":true,"showImageEffects":true,"showParticleSystems":true},"in2DMode":false,"pivot":{"x":-0.13216686248779298,"y":1.399999976158142,"z":0.0},"rotation":{"x":-0.10660986602306366,"y":-0.002385905710980296,"z":0.0002646838838700205,"w":-0.9943341016769409},"size":15.556123733520508,"orthographic":false}